Source,Target
139,16
50,96
322,272
47,332
77,324
259,353
42,294
226,289
263,179
47,134
122,382
357,367
211,79
234,289
328,273
96,322
294,144
177,252
362,48
144,387
127,293
256,50
274,228
130,170
310,304
386,320
134,55
381,272
166,41
206,240
298,369
301,281
47,341
378,195
85,87
307,197
71,100
294,312
387,189
116,229
171,79
134,337
387,368
229,386
177,303
312,103
111,345
96,345
294,139
240,63
79,85
262,96
246,101
9,9
317,149
179,172
236,75
367,133
41,179
62,6
7,361
228,221
84,247
28,351
376,115
13,13
139,177
89,351
17,202
308,386
197,139
37,135
75,234
276,382
41,220
332,312
351,108
8,94
210,6
282,222
229,245
85,80
267,85
304,79
107,79
380,103
240,167
21,46
386,48
152,179
80,107
294,307
300,27
360,139
71,242
143,42
273,386
1,82
113,312
41,43
228,386
392,134
104,240
139,345
88,74
124,294
16,172
289,258
109,385
112,112
370,162
153,69
136,139
280,134
79,195
157,192
322,202
340,96
203,85
21,369
41,197
24,139
61,282
207,240
211,245
229,254
362,267
200,55
74,135
312,134
294,298
114,46
170,236
260,187
6,382
337,130
386,11
206,109
104,104
31,386
269,179
218,240
327,310
256,104
294,133
171,263
151,179
336,139
108,108
113,386
21,265
42,53
277,196
134,24
282,362
63,345
232,134
13,63
108,131
294,103
21,378
209,234
101,273
376,315
263,6
84,116
337,362
376,240
139,60
102,42
134,171
232,21
140,134
294,301
114,41
332,240
206,387
317,79
392,293
193,193
101,354
210,139
231,84
195,312
28,134
144,80
378,79
37,80
383,361
225,155
136,383
262,85
301,38
317,160
322,173
88,88
35,134
222,231
294,15
22,384
386,292
154,335
7,340
10,5
63,139
157,210
11,292
103,239
363,63
18,197
92,92
369,276
79,326
134,162
211,310
252,71
324,127
127,63
347,381
241,210
258,80
80,80
152,136
171,171
340,159
340,340
105,104
16,2
142,141
179,27
74,335
55,366
312,3
96,357
354,386
154,295
79,41
229,55
139,332
393,198
160,380
252,293
142,316
199,238
237,55
197,222
293,357
40,279
294,6
259,96
179,136
149,342
79,222
63,335
211,334
212,64
106,24
87,46
69,345
383,57
240,372
369,269
41,357
277,71
332,348
298,348
354,228
386,101
193,34
48,294
377,240
231,245
50,54
207,207
380,139
18,386
199,12
143,153
153,378
157,386
195,294
179,96
142,148
16,121
220,294
202,348
310,160
386,135
337,6
84,163
102,253
157,307
361,309
362,6
16,136
348,386
80,373
151,79
245,144
240,363
96,21
77,386
349,242
332,347
261,134
228,79
121,19
282,61
140,179
307,47
239,146
21,75
170,192
6,346
372,369
62,263
26,6
322,7
382,245
384,57
166,289
369,96
281,108
245,291
373,286
104,211
139,378
103,133
107,251
87,79
293,162
294,48
41,153
21,301
153,42
349,261
84,25
376,157
340,387
157,189
307,378
55,87
313,103
79,349
134,151
282,4
47,201
230,155
103,363
380,153
71,386
346,25
382,294
168,163
331,138
351,199
6,349
134,294
101,134
104,75
49,352
358,319
276,6
386,153
149,240
298,23
223,322
47,47
177,4
161,194
16,134
289,312
21,310
294,43
280,240
228,238
46,294
211,357
360,62
341,4
16,320
161,179
159,13
328,7
179,345
229,179
307,140
32,6
171,6
262,270
48,134
47,269
54,108
294,320
149,136
372,327
9,240
374,103
263,240
360,263
248,152
361,210
19,43
240,71
330,386
294,211
370,352
75,134
153,139
241,79
289,305
199,210
201,183
256,241
312,345
79,178
62,222
282,231
156,7
104,336
88,170
325,286
270,11
345,74
363,16
366,127
296,386
166,104
74,69
144,337
134,129
139,387
86,307
361,74
71,37
79,101
374,126
50,352
378,117
197,42
345,177
270,240
382,238
277,130
245,195
262,35
263,382
211,386
102,153
126,19
180,229
186,204
352,60
81,101
262,361
223,86
152,312
115,258
134,376
133,378
197,386
200,79
382,134
312,190
348,351
39,53
116,374
79,98
26,26
6,326
177,353
363,224
71,179
108,37
310,135
6,140
136,304
157,272
85,312
16,294
307,297
41,245
277,252
386,277
370,229
299,35
263,57
301,134
105,336
324,57
289,9
290,290
18,18
256,382
348,167
166,154
364,349
22,288
64,179
194,134
357,330
157,50
224,295
386,202
188,277
79,107
134,258
139,270
360,380
157,376
362,221
35,241
87,294
179,74
129,276
386,381
171,324
62,96
227,163
317,317
393,277
87,104
107,291
108,179
294,386
96,80
24,162
352,202
116,19
62,243
39,197
264,6
103,311
307,351
18,13
327,21
224,335
166,157
134,362
46,248
263,71
376,378
231,4
50,199
16,59
93,35
294,364
114,104
116,324
79,112
339,223
178,214
166,383
386,372
133,179
227,168
282,261
376,88
229,79
13,232
87,97
180,242
163,26
364,316
111,111
153,16
210,35
301,301
211,211
139,229
301,248
88,134
160,110
362,301
256,332
294,276
169,240
351,152
298,276
357,161
49,240
85,44
380,179
228,289
240,11
310,249
386,220
332,46
171,293
261,102
47,96
322,116
178,209
103,71
195,171
345,141
18,349
56,88
112,85
130,217
205,126
172,316
9,102
173,21
320,2
121,284
68,381
85,211
281,35
253,338
312,380
293,294
41,277
240,292
276,159
206,231
336,386
301,294
46,332
233,203
252,46
362,276
71,113
201,293
239,357
115,171
43,13
171,80
173,364
102,338
104,13
357,357
267,190
139,107
197,102
270,292
71,6
143,222
92,137
240,2
253,9
96,332
153,315
120,322
211,54
13,340
52,100
289,382
162,59
179,161
113,82
166,361
64,239
389,203
193,269
85,220
103,205
305,158
88,229
362,89
16,258
161,241
74,24
21,170
21,357
210,21
139,19
287,348
19,307
224,340
24,369
135,103
139,96
322,384
289,134
143,39
74,289
382,382
240,57
219,325
312,97
332,92
74,250
79,79
6,293
136,324
211,63
47,118
85,372
340,236
160,149
252,267
198,134
179,166
1,269
148,1
294,224
248,387
85,229
197,310
324,322
252,378
346,134
18,222
166,46
294,115
41,263
21,179
62,239
63,231
47,340
361,392
15,320
270,391
199,50
348,130
386,54
98,195
211,87
284,359
251,291
381,198
312,104
241,134
23,369
61,62
5,203
7,166
85,381
139,291
160,172
269,17
382,63
41,178
79,197
134,47
301,75
103,195
322,240
215,389
179,220
16,368
161,310
37,134
96,115
369,171
116,126
171,54
64,108
80,290
79,362
193,392
50,19
380,96
348,153
40,5
77,373
320,320
340,312
69,134
87,363
143,53
80,251
79,392
9,49
193,359
122,71
104,241
322,88
16,173
381,176
293,132
294,18
134,38
104,256
231,376
103,248
108,312
224,63
63,21
249,41
322,378
134,97
312,135
41,386
205,313
152,368
7,7
282,73
134,320
357,206
103,19
127,322
4,161
22,31
151,178
298,386
99,229
277,338
138,69
103,96
344,252
362,42
364,135
221,245
294,21
386,298
77,80
372,71
320,101
340,104
144,179
144,376
76,264
294,100
24,147
28,16
139,63
32,83
289,49
363,387
346,2
254,246
293,84
96,240
239,134
170,289
392,294
46,41
104,80
285,378
324,384
52,208
362,130
16,12
75,337
179,21
370,322
386,178
171,383
97,87
79,35
248,229
391,167
357,88
301,37
246,79
52,71
179,130
199,240
382,80
362,21
111,41
276,210
386,293
6,79
245,141
134,16
138,223
177,104
307,179
312,294
276,276
115,228
332,294
150,293
23,98
62,139
229,340
376,248
138,277
107,53
383,384
294,293
24,340
152,382
282,91
177,135
32,217
361,245
289,187
309,381
310,357
383,218
241,162
293,46
22,41
386,141
238,134
74,332
121,354
85,273
105,248
252,294
126,205
179,139
55,211
222,239
386,316
294,7
242,332
210,88
157,170
140,294
47,384
74,46
96,31
349,248
22,198
367,338
298,349
280,267
226,357
336,83
242,18
47,369
378,239
139,45
163,163
271,386
276,386
386,21
242,101
22,177
387,129
387,340
320,172
374,19
97,240
266,184
378,94
333,239
197,53
166,79
181,267
92,269
310,380
54,11
35,294
96,381
169,89
144,79
61,91
62,91
134,115
101,228
79,49
242,244
37,210
383,80
241,52
294,62
187,80
277,222
262,386
46,277
85,139
378,135
178,104
161,160
139,213
163,219
1,148
240,364
73,345
309,24
97,152
332,340
226,380
334,16
63,9
263,108
46,211
139,34
241,378
79,343
89,121
163,168
382,316
384,139
240,251
21,74
386,236
6,347
101,156
84,324
177,177
378,89
383,263
94,117
96,372
115,16
386,159
312,18
116,386
369,103
240,74
139,381
29,139
16,315
179,153
289,294
270,143
312,332
276,239
386,270
223,213
294,49
7,322
246,195
84,26
104,355
378,142
322,294
305,166
17,348
162,210
199,108
107,139
383,46
197,261
186,163
386,116
115,251
258,139
332,134
79,348
88,332
270,372
144,46
72,6
93,197
332,21
9,206
83,83
211,6
264,322
287,165
363,252
236,6
197,39
222,49
153,129
135,316
229,33
375,6
322,142
378,294
231,317
293,287
24,71
61,222
134,252
161,178
349,195
332,189
23,134
63,63
376,351
139,80
216,211
269,375
37,294
152,229
156,354
104,179
157,364
50,179
341,357
52,179
250,62
277,376
298,31
171,336
337,104
281,125
139,363
13,195
86,86
179,231
252,157
240,258
55,55
114,154
294,35
152,387
153,59
282,337
157,142
322,312
378,144
231,139
162,315
345,73
201,263
75,80
187,289
134,134
101,294
9,367
139,386
305,289
362,345
236,229
3,211
97,28
294,376
171,312
316,205
6,332
226,79
211,20
393,153
241,71
276,21
224,153
79,21
139,352
103,179
105,221
16,245
96,67
96,392
369,336
208,210
354,273
258,229
282,239
210,384
376,179
157,135
206,136
322,307
6,37
307,157
163,247
384,248
240,136
187,294
332,376
242,49
316,386
143,197
92,166
312,191
239,177
240,231
386,240
97,21
6,242
297,96
134,264
28,240
357,6
177,352
160,312
197,18
270,248
329,343
220,258
294,194
222,42
7,273
281,79
173,41
320,62
29,367
177,46
13,245
340,49
175,240
15,172
362,98
378,307
348,49
28,41
229,173
240,143
21,6
352,382
386,88
349,46
5,279
262,240
387,273
46,246
47,236
139,71
79,304
307,19
240,30
294,362
171,310
26,98
6,245
320,134
49,387
340,201
31,322
125,35
381,153
273,240
294,197
386,378
42,98
153,157
337,83
49,28
103,161
88,17
346,163
91,108
272,381
273,129
331,64
151,96
79,136
66,290
121,386
89,54
162,241
254,166
90,281
75,71
312,222
258,102
24,210
298,298
337,170
357,370
232,85
197,115
74,309
240,21
293,21
39,42
241,153
79,115
26,109
136,336
392,229
46,104
269,236
362,197
345,139
235,337
56,82
130,223
294,252
386,373
168,278
156,245
340,71
88,24
52,6
162,153
271,292
96,104
294,79
24,170
81,79
134,211
28,63
263,46
360,2
88,135
231,175
378,180
109,196
312,229
310,79
96,199
294,277
61,364
79,262
210,179
231,60
307,97
74,201
20,269
294,356
259,386
80,16
21,121
227,278
264,364
360,363
214,79
96,293
386,332
98,25
372,101
28,332
357,386
231,343
362,386
252,357
144,294
17,229
35,79
240,293
293,293
348,30
276,152
164,156
192,77
63,240
229,269
282,195
179,386
152,160
206,23
26,204
61,357
98,206
197,101
345,356
56,241
74,240
292,143
221,127
204,25
21,386
55,310
244,381
44,37
104,157
157,322
214,70
179,160
165,386
241,100
96,316
208,294
298,229
78,252
337,70
63,295
301,88
136,152
28,331
178,88
345,6
381,277
349,332
134,205
211,224
356,386
229,310
231,221
325,168
163,325
364,322
240,171
256,347
294,263
115,179
332,206
98,201
7,27
232,74
199,382
384,74
41,63
96,324
242,223
246,96
211,62
157,347
142,351
328,354
310,310
224,179
386,350
6,96
64,231
210,122
298,236
101,46
377,96
195,41
254,115
18,223
79,364
318,289
229,202
85,85
139,11
87,252
186,98
21,35
170,248
360,134
269,191
289,158
127,351
74,226
240,49
310,195
223,381
23,368
98,179
104,139
360,320
51,388
106,147
252,259
108,120
345,231
309,393
130,374
294,24
41,177
280,129
62,4
226,239
136,134
139,179
49,49
158,166
125,262
109,23
55,127
276,376
294,107
352,238
80,291
336,104
262,319
137,361
3,13
211,293
322,352
303,139
380,97
241,301
152,362
354,177
79,282
282,79
103,21
177,294
140,97
179,6
363,293
195,249
201,21
74,237
384,88
41,41
223,378
61,54
6,195
6,276
210,294
264,264
361,351
220,134
384,386
349,294
369,210
80,139
21,270
389,362
210,108
101,80
63,338
13,4
109,16
294,98
352,229
97,294
99,6
282,39
122,294
105,294
232,16
157,79
1,56
241,294
352,303
116,312
188,157
116,245
7,6
248,368
297,47
322,33
340,139
175,74
18,294
19,3
238,245
277,337
332,74
280,96
117,146
85,270
157,294
31,198
139,336
141,386
180,54
239,94
24,101
62,54
103,240
195,28
179,374
199,139
219,386
240,376
366,87
349,229
21,376
294,101
278,163
229,298
211,252
85,96
229,229
286,163
306,152
144,195
363,386
139,62
294,291
97,229
116,263
332,242
336,245
7,127
134,312
46,46
172,62
360,294
250,16
6,375
345,329
201,7
113,296
96,352
294,178
293,36
280,103
171,197
334,222
242,195
104,224
322,171
160,178
47,21
16,156
179,133
205,19
372,79
282,134
211,331
231,361
234,104
289,88
240,383
348,240
386,104
205,228
8,117
134,160
210,241
28,104
156,85
211,312
139,55
378,229
264,223
309,134
241,208
294,346
386,27
7,116
101,361
121,240
9,218
267,203
231,79
141,291
263,287
229,53
322,162
88,33
175,201
201,153
75,294
129,340
239,108
241,50
294,4
293,190
6,71
262,392
101,75
229,134
139,223
246,246
197,274
162,276
180,171
346,98
364,261
239,294
97,134
115,291
79,329
62,179
245,6
229,348
122,134
376,331
322,324
361,108
47,197
363,368
2,179
294,349
188,170
354,85
136,384
372,372
47,170
161,392
56,162
74,372
365,104
239,4
294,172
132,287
96,382
287,71
380,363
127,201
197,197
40,203
239,117
294,63
223,239
44,312
7,324
79,161
376,152
379,382
345,386
17,173
328,27
18,53
256,157
144,153
352,348
79,342
121,17
377,324
361,85
240,252
21,73
294,340
96,134
116,201
280,386
389,96
206,79
313,205
134,301
144,71
129,309
222,79
154,224
103,135
179,293
293,277
222,222
386,271
136,80
245,103
228,318
229,136
139,205
103,276
102,69
175,332
144,144
264,101
74,81
241,362
332,332
24,240
298,332
337,340
392,372
98,331
103,357
219,168
312,171
121,139
195,195
361,239
269,206
217,293
18,261
222,54
332,101
294,222
61,108
134,98
64,357
79,6
138,97
173,61
178,136
324,372
325,386
346,204
256,252
312,340
294,41
3,386
259,89
23,16
262,381
134,253
197,269
345,71
254,139
74,88
312,195
241,355
18,39
277,80
188,192
372,210
299,79
361,71
362,351
252,101
34,359
107,16
268,104
240,234
312,178
186,26
241,252
386,98
170,269
245,386
281,262
340,362
16,96
240,121
152,21
6,144
134,101
227,325
139,362
322,134
55,54
24,79
262,372
372,170
245,105
139,251
143,261
310,96
205,374
332,322
206,49
374,205
176,68
229,368
231,27
232,97
142,199
96,171
242,134
153,340
354,121
6,333
319,323
85,332
340,369
231,104
16,103
381,134
2,6
224,154
386,361
170,74
259,54
172,346
82,293
245,316
101,7
157,277
105,220
244,213
179,312
248,16
18,134
21,139
223,195
61,239
210,52
282,345
139,240
35,35
74,74
352,173
133,376
337,191
134,382
49,312
49,195
380,160
331,179
386,241
226,71
172,15
11,139
157,381
179,71
162,21
55,151
96,273
133,79
248,23
28,352
139,152
345,41
387,387
231,149
135,236
103,312
144,252
145,341
163,255
386,386
22,294
298,288
115,269
63,85
282,102
144,11
217,144
53,79
382,320
312,71
169,21
115,71
316,220
281,281
156,328
49,386
160,139
293,252
222,18
166,378
6,133
173,33
301,108
104,312
178,172
363,104
382,105
3,43
294,85
41,252
224,7
258,289
21,157
392,392
223,49
386,80
115,274
170,350
79,312
372,310
231,6
71,18
382,331
2,96
6,310
46,105
139,313
31,330
179,85
380,293
55,229
384,21
276,35
187,21
349,96
245,220
48,386
378,322
231,345
362,85
202,33
276,357
96,105
41,229
6,15
79,144
376,201
156,101
139,231
160,96
109,376
109,195
116,139
171,93
154,63
173,369
317,22
84,263
139,116
363,312
307,96
55,312
312,85
294,357
121,177
85,352
177,199
160,153
47,98
306,293
87,310
269,228
329,329
310,293
348,104
383,154
96,294
168,286
333,7
294,244
134,56
228,376
104,294
322,229
179,276
92,101
312,382
221,348
96,96
294,71
205,205
243,294
81,71
226,178
206,229
136,97
138,134
6,6
82,79
160,103
79,153
183,207
294,269
116,293
98,376
145,134
309,277
164,115
293,6
96,334
223,270
153,198
6,223
227,286
339,239
13,135
214,71
179,163
270,213
73,63
363,206
361,190
293,348
313,374
294,239
79,241
62,27
119,94
341,64
179,208
197,134
71,294
382,386
220,41
55,104
222,349
134,194
161,96
270,386
79,319
113,178
115,178
42,293
206,31
261,197
134,349
210,162
104,118
393,85
340,308
285,223
179,59
85,60
127,337
270,301
74,248
49,349
32,184
386,172
370,348
151,161
46,386
229,23
360,346
175,47
293,144
41,79
6,97
62,2
63,144
134,42
320,18
79,254
179,217
144,277
197,143
201,324
19,205
240,340
204,247
132,84
222,153
7,386
134,197
232,35
252,62
254,195
382,276
56,326
23,258
280,345
226,311
282,69
263,165
340,134
32,266
89,386
159,340
382,210
129,129
348,307
294,142
386,167
222,102
245,378
101,197
229,16
139,293
340,245
50,303
194,18
89,307
270,167
238,294
241,21
131,50
203,279
24,24
225,230
205,103
242,294
63,340
301,73
393,312
89,348
16,199
362,73
35,101
294,104
168,386
349,349
63,238
28,28
375,375
254,305
143,134
18,102
384,170
20,179
294,310
386,15
326,226
316,332
122,210
357,195
32,257
16,16
144,101
71,239
312,113
240,41
263,307
88,386
294,16
223,138
386,337
63,134
320,96
392,24
85,245
322,201
341,91
139,171
307,167
49,41
199,141
326,74
256,178
197,294
39,153
21,382
222,310
101,277
322,376
267,79
256,289
113,165
241,293
386,6
240,209
188,337
116,313
6,381
103,13
177,139
175,384
73,74
382,220
384,80
312,120
96,362
171,376
153,277
245,332
263,296
178,234
52,122
269,1
37,37
185,351
298,198
210,100
135,370
139,160
364,272
312,289
96,3
115,340
79,378
62,134
320,289
28,18
102,41
139,49
88,370
252,75
144,196
254,291
170,210
52,210
324,386
127,373
307,74
312,127
293,35
294,179
222,91
115,63
151,197
226,6
105,245
160,179
123,79
179,132
17,33
241,56
294,2
386,291
62,62
228,245
46,265
340,113
88,202
179,382
252,211
289,386
386,105
97,311
210,238
282,54
85,104
322,330
288,198
269,337
271,391
240,207
386,24
152,139
98,229
115,151
28,152
362,139
56,113
54,54
312,6
96,376
294,170
41,3
61,64
206,312
136,361
386,139
103,144
34,34
363,152
240,280
148,46
386,314
208,241
370,202
226,240
134,9
136,163
47,386
177,103
378,378
322,210
289,80
17,352
127,80
180,180
384,263
165,312
349,246
386,96
352,139
134,152
263,113
48,148
159,160
380,134
90,108
109,139
349,103
386,19
21,79
351,210
171,165
263,134
357,231
140,6
179,101
17,386
16,124
382,241
240,384
312,13
240,85
222,69
242,242
386,130
6,172
372,47
387,16
220,289
301,21
97,103
105,231
223,345
104,239
324,263
17,19
382,64
21,289
79,160
101,115
376,153
223,69
378,133
160,48
197,282
363,46
254,158
312,310
332,137
80,263
136,57
48,139
322,348
89,127
252,80
380,157
289,218
18,69
312,165
2,139
362,362
76,134
98,247
115,101
6,345
7,101
264,349
211,3
122,241
104,71
4,135
386,157
95,198
245,245
79,56
173,195
103,134
161,206
197,205
363,150
71,345
14,231
312,334
293,276
241,35
277,229
61,195
135,139
63,382
228,226
339,276
239,311
41,340
370,386
352,340
152,294
354,245
43,63
134,138
332,333
173,282
267,96
231,228
198,290
382,144
219,286
310,6
294,332
244,270
134,293
46,75
28,229
340,183
361,238
179,115
289,332
269,205
55,139
129,240
294,223
134,99
376,56
179,224
324,373
380,378
180,18
294,46
352,33
21,307
101,101
282,340
139,197
105,354
14,153
199,103
109,229
165,211
203,96
369,309
326,160
24,248
210,210
357,348
285,239
361,70
362,348
270,381
159,159
364,386
312,179
309,153
294,327
386,252
115,115
295,335
365,268
149,149
320,179
85,322
177,161
50,177
213,381
108,50
142,364
143,102
310,136
222,62
294,214
277,134
153,136
136,240
331,277
376,63
322,135
177,50
160,214
252,324
162,115
91,27
381,381
17,6
224,115
245,104
317,384
83,184
88,173
73,370
256,355
25,247
62,172
172,386
139,75
88,348
294,382
96,172
6,322
373,325
321,316
357,27
157,355
139,277
239,27
41,96
79,23
357,108
179,315
87,386
380,392
87,87
179,238
35,85
294,88
276,134
260,88
64,62
134,236
83,266
157,133
267,6
235,71
332,173
386,392
277,97
298,294
46,237
229,376
378,8
269,359
294,369
386,206
223,277
79,111
26,25
62,294
8,239
357,4
85,340
267,228
69,69
234,337
17,103
363,229
202,173
240,104
55,349
41,105
24,47
64,134
119,117
84,201
63,269
139,155
391,240
89,130
362,96
218,294
312,362
386,272
61,231
6,18
63,199
48,223
102,102
228,134
156,16
88,187
214,337
362,294
240,129
166,153
386,86
169,139
170,340
298,289
361,57
291,258
240,16
386,201
149,160
337,192
12,19
179,79
307,386
71,165
127,269
312,386
129,361
386,376
79,229
134,79
392,79
28,376
263,361
301,107
305,104
378,312
324,361
89,139
139,144
16,229
195,79
369,139
223,48
353,177
298,153
206,152
294,74
362,289
142,46
92,7
312,224
293,386
294,272
239,336
205,171
99,79
227,386
134,361
139,126
16,62
87,331
289,240
54,79
1,113
96,177
77,294
386,192
80,27
115,79
6,226
79,125
357,54
340,210
139,312
103,75
179,84
380,294
15,15
74,386
363,211
87,312
239,54
236,99
201,199
206,368
79,226
172,320
389,267
136,289
63,307
134,70
248,38
215,41
199,179
74,21
229,258
376,277
139,230
87,211
18,3
238,101
26,195
209,289
373,168
121,199
45,240
85,41
231,62
49,245
194,320
74,314
309,198
131,177
153,252
7,180
11,177
127,307
331,310
386,330
352,108
134,386
135,272
263,351
63,312
16,211
253,367
71,296
346,179
21,345
6,7
228,179
103,294
252,41
144,226
109,368
238,108
39,69
386,35
351,130
264,134
290,240
54,386
21,384
386,210
294,157
153,197
263,199
104,159
103,121
341,222
265,105
127,312
222,4
131,199
206,322
294,236
134,48
244,49
101,35
263,340
157,241
252,177
346,186
201,322
382,387
130,277
352,210
133,307
262,323
211,226
322,364
13,104
199,54
312,245
24,372
353,386
134,338
282,123
139,101
144,104
71,248
240,60
111,348
276,74
386,173
151,160
104,134
357,33
341,231
31,288
139,303
177,240
348,127
257,184
294,231
386,348
96,309
79,249
392,107
176,381
104,277
324,240
344,153
252,373
363,87
362,79
384,293
312,269
274,115
258,258
136,16
63,224
265,332
156,115
103,340
324,7
127,7
294,316
351,293
280,346
134,341
7,18
135,89
391,292
44,134
18,306
71,241
94,146
352,386
169,121
104,141
324,293
289,269
71,134
293,152
206,332
136,136
63,152
101,85
307,276
127,191
312,276
276,378
21,372
224,59
294,105
259,153
209,252
80,293
46,179
84,98
139,2
360,96
136,23
163,373
384,171
310,41
96,229
386,12
294,311
387,381
49,294
134,332
248,363
104,101
103,23
88,276
16,17
145,104
294,134
96,340
208,382
171,258
149,214
101,205
178,240
254,16
239,83
133,157
134,37
135,169
66,80
17,199
274,101
258,171
294,96
48,224
360,103
287,308
162,376
252,77
346,6
240,210
96,252
332,245
386,7
97,226
190,239
320,346
231,91
378,64
362,134
142,135
18,292
74,345
197,71
6,269
83,32
194,101
88,85
108,104
274,205
113,115
241,6
277,192
134,28
173,111
101,71
363,58
35,18
310,392
55,79
41,383
115,224
332,298
332,157
354,238
23,102
263,2
391,386
139,48
361,96
158,289
109,152
294,289
386,30
41,392
152,378
39,102
63,108
104,83
53,134
386,177
81,242
6,179
293,376
294,3
134,23
63,322
249,79
85,134
341,108
19,232
352,245
332,289
8,119
372,248
380,136
199,19
312,152
187,382
387,157
6,364
210,382
46,55
102,367
231,386
101,151
16,6
144,75
218,206
238,336
242,248
171,361
153,179
7,312
79,53
121,359
244,244
340,10
88,35
178,294
361,139
180,6
182,294
384,361
364,240
77,127
386,315
223,224
6,69
119,51
176,272
231,352
88,210
161,172
346,96
241,382
261,153
245,4
282,62
301,370
104,50
139,46
322,322
85,112
79,331
328,101
1,1
75,6
386,16
261,42
136,79
179,100
217,217
71,210
74,370
55,180
345,345
241,88
294,162
239,6
342,79
134,118
245,294
248,246
137,101
192,350
264,294
358,79
178,289
197,195
380,357
108,85
293,362
239,119
221,221
80,361
226,136
136,171
248,101
373,386
104,383
178,103
307,130
289,104
276,293
96,41
245,13
134,46
231,238
378,245
287,296
363,363
163,278
346,26
21,87
315,179
80,66
387,139
372,381
192,294
23,311
32,293
18,264
37,386
332,104
7,245
391,143
139,382
159,115
14,345
380,380
185,199
386,269
42,21
134,248
245,101
174,340
322,293
344,277
18,42
348,223
258,134
222,282
24,242
170,369
79,345
134,139
248,294
193,48
357,135
231,231
324,80
252,104
56,376
21,80
386,226
80,57
387,240
151,294
134,282
321,289
96,270
294,220
152,16
153,134
134,96
7,242
228,336
17,12
289,316
71,337
276,241
294,47
223,223
41,134
189,347
282,341
211,361
322,316
160,79
364,364
238,71
386,74
115,197
79,294
27,273
392,381
46,224
47,210
139,85
232,124
73,134
219,163
219,278
21,89
223,294
278,386
98,134
171,139
387,332
63,393
357,17
12,103
103,38
361,214
269,197
267,233
384,11
148,92
386,364
152,23
387,6
320,35
321,171
340,46
250,172
362,127
163,98
96,79
24,81
226,149
134,234
63,367
28,387
104,340
231,132
177,386
34,269
376,175
348,173
21,241
386,69
22,298
97,363
280,362
118,341
45,139
171,115
104,46
282,18
307,6
332,6
99,277
226,74
134,276
9,253
84,348
194,35
30,240
263,229
153,231
382,18
383,224
75,179
24,41
80,198
153,144
63,263
228,326
375,17
141,4
179,241
16,291
199,199
362,102
16,232
241,386
3,63
349,364
128,7
384,332
6,24
134,237
210,50
391,11
229,161
360,16
86,223
107,115
235,70
236,277
312,211
240,139
369,294
313,126
24,199
208,100
26,247
242,44
134,380
138,294
289,229
382,351
293,96
223,276
277,294
6,241
61,4
386,207
335,16
139,269
177,357
87,293
18,364
382,21
312,49
293,241
153,153
389,280
136,255
6,128
231,293
178,179
382,100
240,307
41,294
96,386
294,80
64,54
9,269
134,228
157,157
341,27
89,50
106,106
108,199
214,342
241,276
212,229
251,258
289,254
108,393
71,23
56,276
109,277
224,315
132,348
24,392
157,372
195,161
139,258
175,21
269,240
180,64
53,254
123,153
312,387
240,96
221,130
294,248
95,290
277,144
316,77
79,228
157,229
361,263
179,255
163,25
348,11
131,96
352,206
370,24
294,75
134,223
79,149
138,345
229,211
384,201
96,195
386,46
332,361
46,252
377,171
195,364
232,88
312,80
96,178
166,224
77,293
193,134
340,211
103,74
180,79
143,69
218,134
312,63
240,103
222,27
277,153
332,386
80,171
96,289
337,73
320,15
134,71
104,289
139,136
88,27
229,75
102,134
134,392
364,312
220,85
256,209
240,289
224,16
367,294
23,79
64,4
134,214
174,386
378,179
325,163
74,101
186,84
21,21
386,41
332,352
387,256
297,386
357,173
357,376
47,298
49,244
252,386
90,37
293,27
149,177
354,27
135,386
357,62
177,197
361,352
362,203
201,207
239,62
41,67
206,376
320,6
231,336
340,73
88,226
107,206
18,232
312,256
238,386
294,69
298,136
64,27
63,253
28,49
341,54
254,258
328,85
348,136
294,259
242,80
351,141
79,264
101,320
392,263
320,383
85,49
231,54
179,52
52,241
332,33
386,211
171,229
6,294
361,361
287,113
185,142
386,322
6,108
63,149
137,166
139,134
231,329
216,361
179,287
179,210
362,392
254,79
186,247
294,124
116,116
171,60
135,210
121,103
229,206
231,222
14,79
289,41
308,296
332,201
208,71
280,340
372,269
392,270
74,301
386,170
332,88
6,281
320,229
16,179
36,190
271,143
113,79
204,98
370,173
206,330
79,248
223,134
42,69
228,211
66,95
282,282
322,245
88,240
231,326
199,153
71,281
114,166
331,97
276,380
349,322
21,362
9,338
134,187
121,104
376,224
362,258
98,264
298,269
135,88
49,340
378,386
87,366
145,118
1,92
274,274
225,139
316,294
171,211
335,250
28,293
263,308
357,41
341,239
160,160
179,179
157,337
11,167
382,35
19,103
109,387
58,150
349,298
386,340
18,322
298,210
62,11
134,35
282,357
28,340
345,21
218,269
256,189
222,134
80,294
354,221
372,236
63,232
376,306
211,243
211,294
103,332
252,55
21,41
80,96
6,376
62,357
7,10
84,293
261,53
228,56
360,240
244,294
16,18
363,294
312,115
241,179
294,135
41,46
370,332
292,167
334,211
167,143
210,293
376,16
104,245
103,103
252,277
269,6
71,382
293,373
277,198
297,197
280,139
79,206
223,244
63,351
229,104
282,364
162,179
254,96
240,324
294,97
171,35
373,227
52,294
252,78
312,139
386,4
80,103
189,6
63,102
357,202
103,15
195,310
175,386
179,16
18,293
382,194
293,56
276,96
386,183
277,350
81,248
387,63
23,387
98,64
121,340
357,91
104,252
340,5
217,374
239,91
21,276
386,294
6,72
261,261
135,161
339,378
270,38
254,107
109,6
41,382
352,330
150,294
334,3
372,242
206,206
226,367
108,322
254,289
74,139
294,294
386,31
166,166
351,238
116,258
261,39
152,134
6,362
103,4
361,240
197,79
289,166
199,351
270,271
19,13
240,89
221,89
294,177
386,142
41,24
55,364
7,137
28,306
157,316
321,245
160,378
179,134
108,96
346,247
56,6
274,197
130,350
386,289
78,294
171,384
134,20
355,50
101,79
340,115
214,294
306,63
307,183
252,237
195,6
90,301
220,6
21,211
386,103
210,236
63,7
357,294
345,294
289,206
71,71
236,134
128,332
109,144
294,345
115,153
99,134
48,110
393,120
263,139
50,139
124,134
345,343
19,18
240,80
241,166
222,64
6,171
134,124
16,150
269,49
180,7
35,178
256,234
312,322
130,130
21,294
386,312
315,386
372,81
63,191
378,376
182,214
240,361
19,240
39,134
386,126
80,258
173,294
231,240
88,322
308,165
290,207
312,160
349,101
386,17
116,205
7,110
248,136
156,273
357,229
136,387
175,98
362,240
141,345
179,103
240,386
293,211
387,18
85,294
177,13
378,272
16,312
103,139
289,289
91,54
178,149
240,273
231,267
130,157
386,307
134,6
74,85
312,312
221,386
240,352
352,351
24,236
386,121
277,75
332,139
282,6
301,362
337,336
226,376
103,361
294,331
223,307
188,188
336,221
123,231
361,235
269,210
159,312
143,18
310,331
384,62
41,115
332,105
335,172
300,386
139,369
105,238
179,294
252,139
363,136
18,152
200,310
384,376
179,157
366,312
294,53
248,109
142,386
18,43
165,296
134,136
163,286
254,349
220,386
111,294
294,322
332,17
44,80
63,387
122,6
197,35
215,153
239,23
222,53
6,156
7,294
172,172
392,85
62,386
135,312
68,272
139,374
251,16
269,92
101,18
91,4
157,256
21,134
282,153
103,270
179,348
324,201
253,253
74,71
115,315
116,171
99,85
79,289
210,208
28,79
307,134
252,96
90,71
241,241
186,25
21,88
331,134
208,6
7,85
210,355
46,80
134,274
285,339
231,108
105,386
179,122
378,119
345,179
318,79
312,36
224,134
259,50
151,224
389,277
136,263
101,27
139,367
252,153
23,42
298,170
134,235
210,56
282,349
104,341
161,79
17,322
162,224
363,23
182,178
310,103
240,149
96,63
222,261
277,102
115,205
332,381
392,357
211,171
104,47
340,269
252,127
159,134
56,210
110,5
256,276
386,245
332,7
6,320
134,277
101,179
28,245
153,345
240,115
222,39
84,204
177,41
361,276
382,98
41,316
135,240
156,27
85,171
267,56
126,103
74,73
148,269
114,224
373,219
228,104
357,332
123,345
22,104
97,41
316,192
393,134
157,378
177,356
361,199
162,16
163,386
293,240
4,357
244,223
134,74
376,79
179,258
269,71
108,177
345,46
363,116
312,364
254,80
382,101
21,332
259,177
258,293
6,16
134,229
282,242
46,139
190,333
49,104
103,309
379,276
141,141
269,269
32,32
332,166
372,298
376,376
229,367
85,37
88,300
306,351
384,98
293,104
386,199
153,240
46,101
322,127
345,134
56,79
240,97
130,192
370,134
386,374
205,71
79,231
195,49
88,21
252,166
107,294
363,109
71,308
382,108
96,85
80,324
134,220
49,97
141,134
18,6
92,1
21,11
386,47
259,199
258,98
153,387
134,367
282,108
104,4
157,6
179,41
241,157
96,179
364,223
334,312
157,332
177,195
361,382
69,53
362,193
18,351
346,263
19,74
386,369
278,286
6,115
62,108
263,352
139,139
123,14
16,222
35,74
71,301
256,210
293,312
312,378
131,104
240,290
116,103
277,9
79,157
319,386
211,269
50,104
360,6
231,171
161,107
143,282
74,98
240,177
149,79
116,150
206,16
231,56
271,11
96,330
4,195
131,179
151,172
78,78
104,154
267,326
201,206
310,312
239,386
149,289
242,312
98,21
340,74
161,294
127,130
240,345
332,265
277,18
119,388
85,79
231,160
71,108
381,393
312,240
386,33
79,267
134,345
357,352
322,386
340,296
139,110
214,235
74,252
238,221
240,7
6,210
102,294
157,350
185,141
111,11
294,226
277,170
79,242
245,171
85,231
16,263
252,179
270,75
159,74
349,157
43,232
376,293
341,62
71,101
240,175
130,386
21,38
386,56
332,202
80,115
133,322
101,328
63,74
357,222
49,229
139,103
229,387
200,151
74,298
239,222
248,206
229,20
139,289
50,307
178,252
361,337
71,139
293,322
348,121
294,229
386,346
277,179
6,100
209,104
354,336
88,241
107,258
180,212
109,26
246,349
88,352
74,159
96,224
188,350
172,77
173,345
282,64
84,287
104,96
63,115
134,331
16,28
195,244
92,148
129,134
239,231
3,294
386,162
294,141
97,71
98,79
136,368
101,194
301,53
139,294
340,240
88,73
160,161
179,178
229,29
197,228
160,342
221,307
293,134
316,105
172,294
63,337
88,248
180,211
74,55
309,6
21,370
294,111
134,179
135,195
46,177
66,198
376,307
378,212
18,101
74,134
97,239
23,276
188,130
80,97
7,5
63,120
134,322
49,332
23,195
16,19
289,171
308,113
219,227
90,6
129,159
222,108
80,240
153,273
261,69
6,264
265,386
229,6
285,276
286,386
322,85
289,260
272,316
54,211
256,6
294,23
386,300
226,226
245,134
79,201
248,75
153,79
85,242
378,364
340,110
144,177
74,62
274,269
101,274
121,121
283,211
102,53
252,79
71,80
254,240
41,389
206,386
135,73
211,104
231,85
197,69
55,171
276,97
115,59
389,153
392,179
263,293
139,340
231,287
340,6
361,159
362,23
162,88
103,159
6,73
134,18
228,201
246,248
135,160
211,326
79,214
179,378
254,104
273,340
37,179
277,63
298,340
282,42
175,293
216,245
234,252
15,346
254,251
96,245
80,95
170,298
152,380
71,222
96,356
386,143
134,122
210,276
102,197
13,161
323,386
178,224
361,333
109,109
79,223
134,21
63,177
229,153
16,346
18,63
54,348
21,210
352,322
24,298
170,386
370,33
277,56
282,53
228,71
102,39
357,293
104,386
103,378
289,205
71,70
74,179
128,333
293,88
21,67
332,229
258,42
134,311
194,194
340,165
157,387
159,309
179,97
277,367
223,349
79,55
172,192
248,241
82,322
373,278
27,85
321,205
13,357
270,134
181,190
364,242
239,104
21,293
352,31
4,291
386,313
64,222
79,164
104,378
231,354
103,226
240,362
115,240
370,88
334,18
337,350
134,159
121,12
101,269
141,199
215,277
109,136
110,110
129,74
387,347
6,357
337,239
283,87
177,179
341,341
380,240
240,387
293,210
59,179
280,121
171,352
226,23
248,248
122,100
104,210
105,228
196,376
56,21
271,240
130,337
382,71
41,154
226,134
136,173
229,139
393,322
340,386
233,245
252,252
217,6
109,240
274,71
96,43
4,108
259,252
208,122
98,332
242,6
48,142
233,134
214,160
380,152
382,289
2,134
240,240
21,85
354,104
134,289
335,62
46,71
195,222
361,234
35,210
55,378
386,152
98,101
245,242
119,146
11,240
269,34
142,272
18,153
312,337
148,386
277,226
23,23
210,71
139,193
232,232
88,162
287,386
160,74
325,278
41,345
223,97
64,91
135,21
46,223
263,96
121,30
282,14
92,361
74,172
37,312
54,111
3,232
389,85
104,177
322,24
340,178
139,280
237,139
274,151
294,210
315,59
316,171
134,102
244,195
376,59
139,361
231,312
158,104
322,139
179,229
56,35
256,240
348,33
21,133
369,236
386,258
222,197
153,53
134,241
83,257
63,352
376,170
211,363
378,146
379,256
50,74
144,139
156,6
163,204
109,226
276,309
354,139
261,242
320,263
104,41
139,384
360,179
159,152
127,386
218,49
294,378
349,79
78,104
21,103
392,206
263,238
357,31
211,18
13,312
18,376
73,21
37,103
312,37
383,229
96,263
386,362
75,361
79,11
82,294
104,199
357,96
30,30
324,383
144,312
240,263
134,232
63,210
63,361
210,386
378,157
362,307
159,240
199,89
74,79
24,269
357,322
253,102
110,10
58,116
21,96
97,23
151,310
372,340
101,178
47,74
160,294
380,276
271,167
241,122
257,266
386,357
280,85
245,205
27,54
245,312
134,80
139,359
322,157
160,224
16,293
159,104
307,294
326,6
313,19
21,322
386,276
277,253
301,135
157,130
139,244
102,98
256,381
21,248
166,101
386,391
79,310
62,346
282,27
121,49
211,179
88,294
240,28
294,372
224,294
21,105
386,205
8,146
134,269
104,166
340,207
13,159
11,143
362,220
232,294
145,47
19,63
383,294
240,107
6,134
372,21
134,75
135,294
48,392
49,30
378,316
222,357
276,136
277,6
298,157
280,203
120,85
6,17
263,386
144,240
307,348
346,84
163,227
38,75
96,206
386,85
242,37
331,223
61,341
99,75
373,163
28,85
104,30
135,121
42,134
88,301
32,144
289,252
382,179
258,27
61,27
171,240
354,7
6,307
48,48
103,79
361,372
179,80
183,386
224,172
188,386
153,96
27,4
229,64
139,149
231,348
161,224
197,151
71,311
364,195
41,224
369,136
189,381
79,151
103,301
52,382
18,7
96,197
4,54
22,317
153,386
134,364
173,372
99,112
122,179
139,115
103,386
289,245
221,104
386,223
118,47
27,108
263,210
211,46
361,381
162,35
310,294
294,241
386,334
352,104
226,196
7,201
337,79
104,291
377,80
361,270
87,127
140,276
345,63
74,16
312,379
221,351
37,236
240,291
352,199
370,17
294,64
79,156
282,197
46,154
139,27
287,340
381,68
238,104
96,220
228,6
28,171
139,104
74,242
1,79
369,88
370,294
294,153
79,71
6,301
48,46
157,324
380,312
289,383
293,351
79,244
281,37
63,293
392,96
197,153
240,346
114,383
208,179
171,57
62,231
390,272
211,222
